round,phase,channel_ordinal,read_begin_rel_ns,read_end_rel_ns,get_first,put_first,get_second,put_second,repeated_values_equal,gpfifo_entries,api_begin_rel_ns,api_end_rel_ns,api_result
0,idle_before,0,-1855725,-1849905,122,122,122,122,True,1024,,,-1
0,idle_before,1,-1847711,-1842285,4,4,4,4,True,1024,,,-1
0,idle_before,2,-1840554,-1835214,1,1,1,1,True,1024,,,-1
0,idle_before,3,-1833886,-1828209,1,1,1,1,True,1024,,,-1
0,idle_before,4,-1826039,-1820342,1,1,1,1,True,1024,,,-1
0,idle_before,5,-1819326,-1813849,1,1,1,1,True,1024,,,-1
0,idle_before,6,-1812831,-1807374,1,1,1,1,True,1024,,,-1
0,idle_before,7,-1806365,-1800777,1,1,1,1,True,1024,,,-1
1,idle_before,0,-1581557,-1576377,122,122,122,122,True,1024,,,-1
1,idle_before,1,-1574905,-1569731,4,4,4,4,True,1024,,,-1
1,idle_before,2,-1568637,-1563634,1,1,1,1,True,1024,,,-1
1,idle_before,3,-1562631,-1557182,1,1,1,1,True,1024,,,-1
1,idle_before,4,-1555725,-1550280,1,1,1,1,True,1024,,,-1
1,idle_before,5,-1549289,-1544222,1,1,1,1,True,1024,,,-1
1,idle_before,6,-1543234,-1538006,1,1,1,1,True,1024,,,-1
1,idle_before,7,-1537017,-1531639,1,1,1,1,True,1024,,,-1
2,idle_before,0,-1359762,-1354550,122,122,122,122,True,1024,,,-1
2,idle_before,1,-1353326,-1347894,4,4,4,4,True,1024,,,-1
2,idle_before,2,-1347135,-1342313,1,1,1,1,True,1024,,,-1
2,idle_before,3,-1341830,-1336577,1,1,1,1,True,1024,,,-1
2,idle_before,4,-1335963,-1330743,1,1,1,1,True,1024,,,-1
2,idle_before,5,-1330293,-1325447,1,1,1,1,True,1024,,,-1
2,idle_before,6,-1325000,-1320013,1,1,1,1,True,1024,,,-1
2,idle_before,7,-1319565,-1314408,1,1,1,1,True,1024,,,-1
3,idle_before,0,-1156440,-1151497,122,122,122,122,True,1024,,,-1
3,idle_before,1,-1151141,-1146192,4,4,4,4,True,1024,,,-1
3,idle_before,2,-1145875,-1141100,1,1,1,1,True,1024,,,-1
3,idle_before,3,-1140766,-1135577,1,1,1,1,True,1024,,,-1
3,idle_before,4,-1135166,-1129975,1,1,1,1,True,1024,,,-1
3,idle_before,5,-1129666,-1124847,1,1,1,1,True,1024,,,-1
3,idle_before,6,-1124537,-1119570,1,1,1,1,True,1024,,,-1
3,idle_before,7,-1119260,-1114123,1,1,1,1,True,1024,,,-1
4,idle_before,0,-955443,-948813,122,122,122,122,True,1024,,,-1
4,idle_before,1,-948456,-940440,4,4,4,4,True,1024,,,-1
4,idle_before,2,-940121,-935361,1,1,1,1,True,1024,,,-1
4,idle_before,3,-935048,-929860,1,1,1,1,True,1024,,,-1
4,idle_before,4,-929448,-924235,1,1,1,1,True,1024,,,-1
4,idle_before,5,-923924,-919097,1,1,1,1,True,1024,,,-1
4,idle_before,6,-918789,-913830,1,1,1,1,True,1024,,,-1
4,idle_before,7,-913520,-908406,1,1,1,1,True,1024,,,-1
5,idle_before,0,-751844,-746888,122,122,122,122,True,1024,,,-1
5,idle_before,1,-746519,-741570,4,4,4,4,True,1024,,,-1
5,idle_before,2,-741254,-736443,1,1,1,1,True,1024,,,-1
5,idle_before,3,-736133,-730960,1,1,1,1,True,1024,,,-1
5,idle_before,4,-730550,-725365,1,1,1,1,True,1024,,,-1
5,idle_before,5,-725053,-720215,1,1,1,1,True,1024,,,-1
5,idle_before,6,-719903,-714943,1,1,1,1,True,1024,,,-1
5,idle_before,7,-714632,-709506,1,1,1,1,True,1024,,,-1
6,idle_before,0,-553506,-548558,122,122,122,122,True,1024,,,-1
6,idle_before,1,-548204,-543283,4,4,4,4,True,1024,,,-1
6,idle_before,2,-542963,-538233,1,1,1,1,True,1024,,,-1
6,idle_before,3,-537919,-532710,1,1,1,1,True,1024,,,-1
6,idle_before,4,-532293,-527095,1,1,1,1,True,1024,,,-1
6,idle_before,5,-526784,-521968,1,1,1,1,True,1024,,,-1
6,idle_before,6,-521657,-516683,1,1,1,1,True,1024,,,-1
6,idle_before,7,-516372,-511257,1,1,1,1,True,1024,,,-1
7,idle_before,0,-355217,-350268,122,122,122,122,True,1024,,,-1
7,idle_before,1,-349911,-344983,4,4,4,4,True,1024,,,-1
7,idle_before,2,-344659,-339890,1,1,1,1,True,1024,,,-1
7,idle_before,3,-339576,-334390,1,1,1,1,True,1024,,,-1
7,idle_before,4,-333971,-328773,1,1,1,1,True,1024,,,-1
7,idle_before,5,-328464,-323635,1,1,1,1,True,1024,,,-1
7,idle_before,6,-323325,-318353,1,1,1,1,True,1024,,,-1
7,idle_before,7,-318043,-312927,1,1,1,1,True,1024,,,-1
8,before_begin_event,0,-153827,-148815,122,122,122,122,True,1024,,,-1
8,before_begin_event,1,-148464,-143550,4,4,4,4,True,1024,,,-1
8,before_begin_event,2,-143229,-138464,1,1,1,1,True,1024,,,-1
8,before_begin_event,3,-138153,-132960,1,1,1,1,True,1024,,,-1
8,before_begin_event,4,-132502,-127316,1,1,1,1,True,1024,,,-1
8,before_begin_event,5,-127004,-122188,1,1,1,1,True,1024,,,-1
8,before_begin_event,6,-121875,-116910,1,1,1,1,True,1024,,,-1
8,before_begin_event,7,-116600,-111484,1,1,1,1,True,1024,,,-1
9,after_begin_event,0,-95380,-90415,122,122,122,122,True,1024,-108017,-96876,0
9,after_begin_event,1,-90084,-85133,4,5,4,5,True,1024,-108017,-96876,0
9,after_begin_event,2,-84827,-80103,1,1,1,1,True,1024,-108017,-96876,0
9,after_begin_event,3,-79628,-74447,1,1,1,1,True,1024,-108017,-96876,0
9,after_begin_event,4,-74082,-68780,1,1,1,1,True,1024,-108017,-96876,0
9,after_begin_event,5,-68476,-63657,1,1,1,1,True,1024,-108017,-96876,0
9,after_begin_event,6,-63354,-58403,1,1,1,1,True,1024,-108017,-96876,0
9,after_begin_event,7,-58101,-52985,1,1,1,1,True,1024,-108017,-96876,0
10,before_launch,0,-48079,-43128,122,122,122,122,True,1024,,,0
10,before_launch,1,-42744,-37800,4,5,4,5,True,1024,,,0
10,before_launch,2,-37463,-32690,1,1,1,1,True,1024,,,0
10,before_launch,3,-32359,-27180,1,1,1,1,True,1024,,,0
10,before_launch,4,-26716,-21506,1,1,1,1,True,1024,,,0
10,before_launch,5,-21175,-16368,1,1,1,1,True,1024,,,0
10,before_launch,6,-16065,-11093,1,1,1,1,True,1024,,,0
10,before_launch,7,-10790,-5668,1,1,1,1,True,1024,,,0
11,after_launch,0,19280,24223,122,122,122,122,True,1024,0,18409,0
11,after_launch,1,24565,37837,5,6,5,6,True,1024,0,18409,0
11,after_launch,2,38516,43277,1,1,1,1,True,1024,0,18409,0
11,after_launch,3,43598,48780,1,1,1,1,True,1024,0,18409,0
11,after_launch,4,49217,54425,1,1,1,1,True,1024,0,18409,0
11,after_launch,5,54736,59552,1,1,1,1,True,1024,0,18409,0
11,after_launch,6,59864,64897,1,1,1,1,True,1024,0,18409,0
11,after_launch,7,65210,70345,1,1,1,1,True,1024,0,18409,0
12,launch_no_api,0,74666,79625,122,122,122,122,True,1024,,,-1
12,launch_no_api,1,79983,84887,5,6,5,6,True,1024,,,-1
12,launch_no_api,2,85205,89937,1,1,1,1,True,1024,,,-1
12,launch_no_api,3,90246,95442,1,1,1,1,True,1024,,,-1
12,launch_no_api,4,95841,101037,1,1,1,1,True,1024,,,-1
12,launch_no_api,5,101360,106165,1,1,1,1,True,1024,,,-1
12,launch_no_api,6,106470,111440,1,1,1,1,True,1024,,,-1
12,launch_no_api,7,111743,116852,1,1,1,1,True,1024,,,-1
13,launch_no_api,0,273353,278303,122,122,122,122,True,1024,,,-1
13,launch_no_api,1,278676,283657,6,6,6,6,True,1024,,,-1
13,launch_no_api,2,283979,288717,1,1,1,1,True,1024,,,-1
13,launch_no_api,3,289030,294223,1,1,1,1,True,1024,,,-1
13,launch_no_api,4,294645,299855,1,1,1,1,True,1024,,,-1
13,launch_no_api,5,300167,304993,1,1,1,1,True,1024,,,-1
13,launch_no_api,6,305304,310277,1,1,1,1,True,1024,,,-1
13,launch_no_api,7,310588,315703,1,1,1,1,True,1024,,,-1
14,launch_no_api,0,479632,484573,122,122,122,122,True,1024,,,-1
14,launch_no_api,1,484955,489900,6,6,6,6,True,1024,,,-1
14,launch_no_api,2,490225,494967,1,1,1,1,True,1024,,,-1
14,launch_no_api,3,495283,500473,1,1,1,1,True,1024,,,-1
14,launch_no_api,4,500898,506097,1,1,1,1,True,1024,,,-1
14,launch_no_api,5,506407,511232,1,1,1,1,True,1024,,,-1
14,launch_no_api,6,511543,516517,1,1,1,1,True,1024,,,-1
14,launch_no_api,7,516827,521935,1,1,1,1,True,1024,,,-1
15,launch_no_api,0,677882,682823,122,122,122,122,True,1024,,,-1
15,launch_no_api,1,683190,688110,6,6,6,6,True,1024,,,-1
15,launch_no_api,2,688436,693197,1,1,1,1,True,1024,,,-1
15,launch_no_api,3,693510,698712,1,1,1,1,True,1024,,,-1
15,launch_no_api,4,699136,704337,1,1,1,1,True,1024,,,-1
15,launch_no_api,5,704648,709465,1,1,1,1,True,1024,,,-1
15,launch_no_api,6,709776,714738,1,1,1,1,True,1024,,,-1
15,launch_no_api,7,715047,720173,1,1,1,1,True,1024,,,-1
16,launch_no_api,0,876690,881614,122,122,122,122,True,1024,,,-1
16,launch_no_api,1,881980,886896,6,6,6,6,True,1024,,,-1
16,launch_no_api,2,887220,891977,1,1,1,1,True,1024,,,-1
16,launch_no_api,3,892287,897463,1,1,1,1,True,1024,,,-1
16,launch_no_api,4,897882,903077,1,1,1,1,True,1024,,,-1
16,launch_no_api,5,903387,908193,1,1,1,1,True,1024,,,-1
16,launch_no_api,6,908503,913487,1,1,1,1,True,1024,,,-1
16,launch_no_api,7,913797,918924,1,1,1,1,True,1024,,,-1
17,launch_no_api,0,1075046,1079993,122,122,122,122,True,1024,,,-1
17,launch_no_api,1,1080357,1085280,6,6,6,6,True,1024,,,-1
17,launch_no_api,2,1085598,1090347,1,1,1,1,True,1024,,,-1
17,launch_no_api,3,1090659,1095853,1,1,1,1,True,1024,,,-1
17,launch_no_api,4,1096275,1101467,1,1,1,1,True,1024,,,-1
17,launch_no_api,5,1101777,1106604,1,1,1,1,True,1024,,,-1
17,launch_no_api,6,1106915,1111867,1,1,1,1,True,1024,,,-1
17,launch_no_api,7,1112177,1117284,1,1,1,1,True,1024,,,-1
18,launch_no_api,0,2466759,2471705,122,122,122,122,True,1024,,,-1
18,launch_no_api,1,2472216,2477387,6,6,6,6,True,1024,,,-1
18,launch_no_api,2,2477956,2482797,1,1,1,1,True,1024,,,-1
18,launch_no_api,3,2483309,2488512,1,1,1,1,True,1024,,,-1
18,launch_no_api,4,2489444,2494647,1,1,1,1,True,1024,,,-1
18,launch_no_api,5,2494973,2499872,1,1,1,1,True,1024,,,-1
18,launch_no_api,6,2500183,2505149,1,1,1,1,True,1024,,,-1
18,launch_no_api,7,2505456,2510583,1,1,1,1,True,1024,,,-1
19,launch_no_api,0,2673395,2678345,122,122,122,122,True,1024,,,-1
19,launch_no_api,1,2678709,2683657,6,6,6,6,True,1024,,,-1
19,launch_no_api,2,2683970,2688736,1,1,1,1,True,1024,,,-1
19,launch_no_api,3,2689043,2694223,1,1,1,1,True,1024,,,-1
19,launch_no_api,4,2694636,2699825,1,1,1,1,True,1024,,,-1
19,launch_no_api,5,2700128,2704952,1,1,1,1,True,1024,,,-1
19,launch_no_api,6,2705258,2710229,1,1,1,1,True,1024,,,-1
19,launch_no_api,7,2710533,2715663,1,1,1,1,True,1024,,,-1
20,after_end_event,0,2880319,2885532,122,122,122,122,True,1024,2871690,2879145,0
20,after_end_event,1,2885873,2890807,7,7,7,7,True,1024,2871690,2879145,0
20,after_end_event,2,2891119,2895866,1,1,1,1,True,1024,2871690,2879145,0
20,after_end_event,3,2896208,2901403,1,1,1,1,True,1024,2871690,2879145,0
20,after_end_event,4,2901856,2907048,1,1,1,1,True,1024,2871690,2879145,0
20,after_end_event,5,2907351,2912185,1,1,1,1,True,1024,2871690,2879145,0
20,after_end_event,6,2912488,2917457,1,1,1,1,True,1024,2871690,2879145,0
20,after_end_event,7,2917780,2922903,1,1,1,1,True,1024,2871690,2879145,0
21,event_query,0,2938175,2943133,122,122,122,122,True,1024,2931039,2937387,0
21,event_query,1,2943520,2948447,7,7,7,7,True,1024,2931039,2937387,0
21,event_query,2,2948763,2953569,1,1,1,1,True,1024,2931039,2937387,0
21,event_query,3,2953876,2959070,1,1,1,1,True,1024,2931039,2937387,0
21,event_query,4,2959493,2964687,1,1,1,1,True,1024,2931039,2937387,0
21,event_query,5,2964990,2969813,1,1,1,1,True,1024,2931039,2937387,0
21,event_query,6,2970116,2975086,1,1,1,1,True,1024,2931039,2937387,0
21,event_query,7,2975389,2980503,1,1,1,1,True,1024,2931039,2937387,0
22,after_elapsed_time,0,2986561,2991516,122,122,122,122,True,1024,2983600,2985666,0
22,after_elapsed_time,1,2991855,2996789,7,7,7,7,True,1024,2983600,2985666,0
22,after_elapsed_time,2,2997099,3001887,1,1,1,1,True,1024,2983600,2985666,0
22,after_elapsed_time,3,3002356,3007549,1,1,1,1,True,1024,2983600,2985666,0
22,after_elapsed_time,4,3007871,3013054,1,1,1,1,True,1024,2983600,2985666,0
22,after_elapsed_time,5,3013358,3018183,1,1,1,1,True,1024,2983600,2985666,0
22,after_elapsed_time,6,3018483,3023459,1,1,1,1,True,1024,2983600,2985666,0
22,after_elapsed_time,7,3023759,3028873,1,1,1,1,True,1024,2983600,2985666,0
23,after_dtoh,0,3068292,3073235,122,122,122,122,True,1024,3032103,3067501,0
23,after_dtoh,1,3073596,3078527,7,7,7,7,True,1024,3032103,3067501,0
23,after_dtoh,2,3078837,3083597,1,1,1,1,True,1024,3032103,3067501,0
23,after_dtoh,3,3083901,3089105,1,1,1,1,True,1024,3032103,3067501,0
23,after_dtoh,4,3089563,3094757,1,1,1,1,True,1024,3032103,3067501,0
23,after_dtoh,5,3095059,3099873,1,1,1,1,True,1024,3032103,3067501,0
23,after_dtoh,6,3100174,3105149,1,1,1,1,True,1024,3032103,3067501,0
23,after_dtoh,7,3105451,3110592,1,1,1,1,True,1024,3032103,3067501,0
24,idle_after,0,3117463,3122423,122,122,122,122,True,1024,,,-1
24,idle_after,1,3122788,3127727,7,7,7,7,True,1024,,,-1
24,idle_after,2,3128036,3132807,1,1,1,1,True,1024,,,-1
24,idle_after,3,3133124,3138313,1,1,1,1,True,1024,,,-1
24,idle_after,4,3138710,3143906,1,1,1,1,True,1024,,,-1
24,idle_after,5,3144229,3149036,1,1,1,1,True,1024,,,-1
24,idle_after,6,3149336,3154289,1,1,1,1,True,1024,,,-1
24,idle_after,7,3154591,3159732,1,1,1,1,True,1024,,,-1
25,idle_after,0,3316503,3321457,122,122,122,122,True,1024,,,-1
25,idle_after,1,3321843,3326759,7,7,7,7,True,1024,,,-1
25,idle_after,2,3327076,3331846,1,1,1,1,True,1024,,,-1
25,idle_after,3,3332179,3337379,1,1,1,1,True,1024,,,-1
25,idle_after,4,3337785,3342977,1,1,1,1,True,1024,,,-1
25,idle_after,5,3343285,3348114,1,1,1,1,True,1024,,,-1
25,idle_after,6,3348424,3353387,1,1,1,1,True,1024,,,-1
25,idle_after,7,3353696,3358794,1,1,1,1,True,1024,,,-1
26,idle_after,0,3514685,3519612,122,122,122,122,True,1024,,,-1
26,idle_after,1,3519979,3524897,7,7,7,7,True,1024,,,-1
26,idle_after,2,3525219,3529977,1,1,1,1,True,1024,,,-1
26,idle_after,3,3530315,3535512,1,1,1,1,True,1024,,,-1
26,idle_after,4,3535919,3541114,1,1,1,1,True,1024,,,-1
26,idle_after,5,3541426,3546265,1,1,1,1,True,1024,,,-1
26,idle_after,6,3546574,3551527,1,1,1,1,True,1024,,,-1
26,idle_after,7,3551838,3556953,1,1,1,1,True,1024,,,-1
27,idle_after,0,3715505,3720453,122,122,122,122,True,1024,,,-1
27,idle_after,1,3720823,3725759,7,7,7,7,True,1024,,,-1
27,idle_after,2,3726079,3730826,1,1,1,1,True,1024,,,-1
27,idle_after,3,3731158,3736349,1,1,1,1,True,1024,,,-1
27,idle_after,4,3736754,3741957,1,1,1,1,True,1024,,,-1
27,idle_after,5,3742266,3747085,1,1,1,1,True,1024,,,-1
27,idle_after,6,3747395,3752436,1,1,1,1,True,1024,,,-1
27,idle_after,7,3752745,3757877,1,1,1,1,True,1024,,,-1
28,idle_after,0,3913967,3918905,122,122,122,122,True,1024,,,-1
28,idle_after,1,3919275,3924197,7,7,7,7,True,1024,,,-1
28,idle_after,2,3924520,3929297,1,1,1,1,True,1024,,,-1
28,idle_after,3,3929610,3934799,1,1,1,1,True,1024,,,-1
28,idle_after,4,3935212,3940407,1,1,1,1,True,1024,,,-1
28,idle_after,5,3940717,3945535,1,1,1,1,True,1024,,,-1
28,idle_after,6,3945849,3950827,1,1,1,1,True,1024,,,-1
28,idle_after,7,3951139,3956274,1,1,1,1,True,1024,,,-1
29,idle_after,0,4113412,4118362,122,122,122,122,True,1024,,,-1
29,idle_after,1,4118742,4123679,7,7,7,7,True,1024,,,-1
29,idle_after,2,4124000,4128747,1,1,1,1,True,1024,,,-1
29,idle_after,3,4129059,4134269,1,1,1,1,True,1024,,,-1
29,idle_after,4,4134695,4139884,1,1,1,1,True,1024,,,-1
29,idle_after,5,4140195,4145006,1,1,1,1,True,1024,,,-1
29,idle_after,6,4145316,4150277,1,1,1,1,True,1024,,,-1
29,idle_after,7,4150587,4155692,1,1,1,1,True,1024,,,-1
30,idle_after,0,4312289,4317247,122,122,122,122,True,1024,,,-1
30,idle_after,1,4317610,4322536,7,7,7,7,True,1024,,,-1
30,idle_after,2,4322854,4327616,1,1,1,1,True,1024,,,-1
30,idle_after,3,4327928,4333102,1,1,1,1,True,1024,,,-1
30,idle_after,4,4333517,4338717,1,1,1,1,True,1024,,,-1
30,idle_after,5,4339029,4343862,1,1,1,1,True,1024,,,-1
30,idle_after,6,4344173,4349129,1,1,1,1,True,1024,,,-1
30,idle_after,7,4349442,4354554,1,1,1,1,True,1024,,,-1
31,idle_after,0,4512898,4517854,122,122,122,122,True,1024,,,-1
31,idle_after,1,4518212,4523130,7,7,7,7,True,1024,,,-1
31,idle_after,2,4523451,4528226,1,1,1,1,True,1024,,,-1
31,idle_after,3,4528535,4533799,1,1,1,1,True,1024,,,-1
31,idle_after,4,4534204,4539418,1,1,1,1,True,1024,,,-1
31,idle_after,5,4539723,4544515,1,1,1,1,True,1024,,,-1
31,idle_after,6,4544821,4549777,1,1,1,1,True,1024,,,-1
31,idle_after,7,4550082,4555225,1,1,1,1,True,1024,,,-1
